tauhat,95CI_lb,95CI_ub,method
1.5098202456513194,0.3867141185322547,2.632926372770384,Match-PS
2.983753774748644,0.58273531950194,5.384772229995348,Match-PS
1.7526957068368656,-1.5708388106140068,5.0762302242877375,Match-PS
2.535772517166876,1.9456585140429166,3.1258865202908357,Match-X
2.9653560046409,1.593144879002651,4.337567130279149,Match-X
2.0886195937607166,-0.3246078852629961,4.501847072784429,Match-X
