tauhat,95CI_lb,95CI_ub,method
1.2780363774165329,0.2956420649407915,2.2604306898922744,Match-PS
1.506357594909147,-0.7153303692666173,3.7280455590849115,Match-PS
1.2019391404652253,-1.2192756156497178,3.6231538965801686,Match-PS
1.9989184585406672,1.5021049550473387,2.4957319620339957,Match-X
2.0544814899695742,0.7730241629034604,3.335938817035688,Match-X
2.0573938057881427,0.4498896515635986,3.664897960012687,Match-X
