tauhat,95CI_lb,95CI_ub,method
0.6196491102577566,-0.678860406051647,1.9181586265671602,Match-PS
0.5691298815085394,-2.0386731014397257,3.1769328644568042,Match-PS
0.4095846625467165,-2.764891241826446,3.5840605669198786,Match-PS
1.6599641734584412,1.0655631703772874,2.254365176539595,Match-X
1.5329271553494275,0.1433583092813293,2.9224960014175254,Match-X
2.053945518888915,-0.09177556850060187,4.1996666062784325,Match-X
