tauhat,95CI_lb,95CI_ub,method
0.3999800754105681,-0.6589767812118791,1.4589369320330152,Match-PS
1.3296895619343936,-0.8210877661970291,3.4804668900658164,Match-PS
-3.1875451305847298,-8.349885302764292,1.9747950415948319,Match-PS
1.9333644421506306,1.3864012765490283,2.480327607752233,Match-X
1.7865781285894506,0.41012740237000767,3.1630288548088936,Match-X
1.8853058343270908,-0.9372322930213008,4.707843961675483,Match-X
