tauhat,95CI_lb,95CI_ub,method
1.599065915567817,0.47610303693197475,2.722028794203659,Match-PS
0.5107225000853118,-2.0424582012861987,3.063903201456822,Match-PS
1.609645844262626,-0.9606626971512795,4.179954385676531,Match-PS
1.918184277107066,1.3430409170437243,2.493327637170408,Match-X
1.2249675536633295,-0.07765341878542209,2.527588526112081,Match-X
1.7893468280818434,-0.01305029225638843,3.591743948420075,Match-X
