tauhat,95CI_lb,95CI_ub,method
1.1351299154551602,-0.1171178629594527,2.387377693869773,Match-PS
1.100220716769259,-1.3991582543037053,3.5995996878422236,Match-PS
0.4808692101927094,-2.5460822845079507,3.507820704893369,Match-PS
1.9946602784749772,1.4651307736817425,2.524189783268212,Match-X
1.9846985360826865,0.7882154610335823,3.181181611131791,Match-X
1.4408367252797722,-0.2996324106697714,3.181305861229316,Match-X
