tauhat,95CI_lb,95CI_ub,method
0.9320564532131839,-0.0260777235884061,1.8901906300147737,Match-PS
1.7309276762546855,-0.34122614767791504,3.803081500187286,Match-PS
3.4722522050623406,1.0991485428336127,5.845355867291069,Match-PS
1.9653907276637492,1.4491651638000427,2.4816162915274558,Match-X
2.6429253600328813,1.3935802160434227,3.8922705040223398,Match-X
3.341899834006746,2.0953647639421047,4.588434904071388,Match-X
