tauhat,95CI_lb,95CI_ub,method
0.6964434306816031,-0.29541025411266875,1.688297115475875,Match-PS
0.9228191823898545,-1.3630316122346668,3.2086699770143756,Match-PS
-0.22414835850040948,-2.9756735457078047,2.527376828706986,Match-PS
1.9497676828987849,1.389629614987046,2.509905750810524,Match-X
2.616759043450081,1.3014476819299796,3.9320704049701822,Match-X
1.7364866793085902,-0.25420126358236206,3.7271746221995423,Match-X
