tauhat,95CI_lb,95CI_ub,method
1.3690056000047328,-0.04599457279268715,2.7840057728021526,Match-PS
0.9324544542986227,-1.9236241256996411,3.7885330342968864,Match-PS
1.8766959715939546,-2.363463676905372,6.116855620093281,Match-PS
1.727048350201086,1.1787955283081875,2.2753011720939846,Match-X
1.41683473572564,0.09431448905462214,2.739354982396658,Match-X
2.5291339708686196,0.1011815515057286,4.9570863902315105,Match-X
