tauhat,95CI_lb,95CI_ub,method
0.9429503597669177,-0.2498869922697885,2.1357877118036237,Match-PS
-0.43617920687710937,-2.8182223252406686,1.94586391148645,Match-PS
0.8248883928752243,-2.050516069866437,3.700292855616886,Match-PS
2.226430281915403,1.7093139706912877,2.7435465931395187,Match-X
1.9692712456984185,0.8397436880068747,3.098798803389962,Match-X
1.600006277802243,-0.14262152397088057,3.3426340795753666,Match-X
