tauhat,95CI_lb,95CI_ub,method
1.3059184217465118,0.2892971419258503,2.322539701567173,Match-PS
1.075960714889116,-1.291703795517509,3.443625225295741,Match-PS
0.5631515388517839,-1.8535877295474812,2.9798908072510493,Match-PS
2.177817767026256,1.5726504395577412,2.7829850944947707,Match-X
2.004218066571501,0.6729419157410668,3.3354942174019353,Match-X
1.3767036181669248,-0.5005130213967308,3.2539202577305804,Match-X
