tauhat,95CI_lb,95CI_ub,method
1.3920135083540592,0.3578864869296392,2.426140529778479,Match-PS
1.2081822590271725,-1.1618020830834643,3.5781666011378093,Match-PS
1.9395686526279496,-0.8757591244987946,4.754896429754694,Match-PS
1.84326837654307,1.29058043678833,2.39595631629781,Match-X
1.4672371957582728,0.19635389842840079,2.738120493088145,Match-X
2.9759822037744375,1.0087374518004473,4.943226955748427,Match-X
