tauhat,95CI_lb,95CI_ub,method
1.0217696190739203,-0.17623896753347923,2.21977820568132,Match-PS
0.9643579581366974,-1.9763471265560757,3.905063042829471,Match-PS
-4.637949090790816,-8.861875264095573,-0.4140229174860588,Match-PS
2.2308763669629745,1.6143933029962683,2.847359430929681,Match-X
2.577437219606431,1.0266725985434162,4.128201840669446,Match-X
0.651159919644348,-2.075772668940217,3.3780925082289133,Match-X
