tauhat,95CI_lb,95CI_ub,method
0.7974567868618321,-0.38169843203583964,1.9766120057595038,Match-PS
-0.17108567489512977,-2.9600003004709436,2.617828950680684,Match-PS
2.2106525513278195,-3.690481049700237,8.111786152355876,Match-PS
2.2250986988405006,1.6477959861625826,2.8024014115184186,Match-X
1.9970038719009255,0.6922098112012194,3.301797932600632,Match-X
3.6530922675846575,-0.6964429614259711,8.002627496595286,Match-X
