tauhat,95CI_lb,95CI_ub,method
0.8906268365500654,-0.1566956556516348,1.9379493287517655,Match-PS
0.09448655018918728,-2.311485903924627,2.5004590043030017,Match-PS
1.5849605303016925,-2.7089130023410717,5.878834062944456,Match-PS
1.9421514391862307,1.373189061187191,2.5111138171852705,Match-X
1.6952533535919947,0.3440371361759229,3.0464695710080667,Match-X
2.1024393646756803,-0.5865713728625055,4.791450102213866,Match-X
