tauhat,95CI_lb,95CI_ub,method
1.1657599861911192,0.060210801298890226,2.271309171083348,Match-PS
2.301754941750895,-0.4275642718610384,5.031074155362829,Match-PS
1.1396306723603904,-2.6298508500834723,4.909112194804253,Match-PS
2.2742311350753424,1.68116271375537,2.8672995563953148,Match-X
3.270553546741632,1.7609648086460132,4.78014228483725,Match-X
3.3610803728034675,0.8331562886913173,5.889004456915618,Match-X
