tauhat,95CI_lb,95CI_ub,method
1.702522889521043,0.6792887974535886,2.725756981588497,Match-PS
1.9064338342884541,-0.34041233871154386,4.153280007288452,Match-PS
2.654068388689514,0.3853060717676433,4.922830705611385,Match-PS
1.955791865976657,1.4052100305347084,2.506373701418606,Match-X
1.931200625627134,0.6984166240829095,3.1639846271713585,Match-X
2.320528328220803,0.8903433906697493,3.7507132657718563,Match-X
