tauhat,95CI_lb,95CI_ub,method
0.6664016224155315,-0.3761602234917202,1.708963468322783,Match-PS
1.6642218730409264,-0.5180973781269278,3.8465411242087804,Match-PS
-0.3542517862277031,-3.419770947715784,2.7112673752603778,Match-PS
1.9938163561797768,1.476672437826834,2.5109602745327195,Match-X
2.5174998898458383,1.2617515222445819,3.7732482574470945,Match-X
2.8950157173568143,0.8554338960265921,4.934597538687036,Match-X
