tauhat,95CI_lb,95CI_ub,method
1.42554411699981,0.34067429692983264,2.5104139370697873,Match-PS
2.6995402397372454,0.33462087219857484,5.064459607275916,Match-PS
3.4528833783412782,0.7564695449414836,6.149297211741073,Match-PS
2.380425962625613,1.7874963678561777,2.973355557395048,Match-X
3.056446940617014,1.634441449893084,4.478452431340944,Match-X
3.5461169453989174,1.7930606084312433,5.299173282366592,Match-X
