tauhat,95CI_lb,95CI_ub,method
1.4993214590079227,0.310731255146097,2.687911662869748,Match-PS
1.9506591622607798,-0.4704103776009676,4.371728702122527,Match-PS
1.048818504673993,-1.7242168322523015,3.8218538416002876,Match-PS
1.7926686403294443,1.2638738613151421,2.3214634193437464,Match-X
2.2276281088542866,1.0139069703805712,3.4413492473280023,Match-X
2.814520498085791,0.8592345908487764,4.7698064053228055,Match-X
