tauhat,95CI_lb,95CI_ub,method
0.7758204687490852,-0.30871282178704373,1.8603537592852142,Match-PS
1.005720352334025,-1.2144400313497774,3.225880736017827,Match-PS
0.33689205017776896,-2.687486082010351,3.361270182365889,Match-PS
1.7403836394187049,1.2252196546866312,2.2555476241507786,Match-X
1.6338131309572428,0.3799570744132481,2.8876691875012375,Match-X
1.483315245730031,-0.8359317104135193,3.802562201873581,Match-X
