tauhat,95CI_lb,95CI_ub,method
0.770306574250068,-0.3781592875553895,1.9187724360555256,Match-PS
0.6286896414993463,-1.8422619795182027,3.099641262516895,Match-PS
0.410006628169745,-3.2156680744695683,4.035681330809059,Match-PS
1.8503480204684744,1.3182489220777365,2.3824471188592122,Match-X
1.7289892563937168,0.48394240462790017,2.9740361081595337,Match-X
3.4140147170867423,1.0859550057221434,5.742074428451341,Match-X
