tauhat,95CI_lb,95CI_ub,method
0.8852136649188826,-0.2031762438207565,1.9736035736585218,Match-PS
-0.043220451415893216,-2.347809855098233,2.261368952266446,Match-PS
1.2594524209544251,-1.4075843124058016,3.926489154314652,Match-PS
1.892385325416694,1.3523161419328842,2.432454508900504,Match-X
1.860400399158763,0.6498219702012518,3.0709788281162744,Match-X
2.4127753257750557,0.638780519156692,4.18677013239342,Match-X
