tauhat,95CI_lb,95CI_ub,method
1.0722764255758028,-0.08521833106881527,2.229771182220421,Match-PS
0.03302432092240276,-2.4960382846527245,2.5620869264975297,Match-PS
1.3979620057470374,-1.7511866682259625,4.547110679720038,Match-PS
2.36527868302468,1.7649206974103373,2.9656366686390223,Match-X
2.205664386517046,0.7700871367097175,3.6412416363243745,Match-X
2.9852782464338383,0.9224376269821835,5.048118865885494,Match-X
