tauhat,95CI_lb,95CI_ub,method
1.0724489586621497,-0.25079694251199425,2.3956948598362935,Match-PS
1.2419280808870923,-1.7267260849953496,4.210582246769534,Match-PS
-0.7204505608791246,-5.683732781045044,4.242831659286794,Match-PS
2.0789670038381565,1.5218760948609582,2.636057912815355,Match-X
2.1862127744489745,0.8763997529296155,3.4960257959683334,Match-X
2.1202480348737467,-0.34106112041986325,4.581557190167357,Match-X
