tauhat,95CI_lb,95CI_ub,method
1.4239021883824234,0.16968950114478054,2.678114875620066,Match-PS
1.865966408195665,-0.3918460189998241,4.123778835391154,Match-PS
1.1333988981418504,-3.791797527219858,6.058595323503559,Match-PS
2.114859611062796,1.5310030667691257,2.6987161553564665,Match-X
2.1728528050476967,0.8234223728179639,3.5222832372774295,Match-X
2.952783117976458,0.1590002145565763,5.74656602139634,Match-X
