tauhat,95CI_lb,95CI_ub,method
1.5716240482814285,0.5165397643060594,2.626708332256798,Match-PS
2.5571172572532803,0.3420325150300769,4.772201999476484,Match-PS
0.3140026327679879,-3.1720750486639835,3.800080314199959,Match-PS
1.8135161382718576,1.2685936464123382,2.358438630131377,Match-X
1.5992880616608358,0.5236722381003174,2.6749038852213545,Match-X
1.8061771028295799,0.07696598277152455,3.535388222887635,Match-X
