tauhat,95CI_lb,95CI_ub,method
0.897006287492697,-0.13112587132485953,1.9251384463102534,Match-PS
0.7358456072230858,-1.7369431310521581,3.20863434549833,Match-PS
1.1435891371395346,-2.3856790024695043,4.672857276748573,Match-PS
1.858598531337273,1.3010720814927548,2.4161249811817913,Match-X
1.8707112024260943,0.4693353302193337,3.272087074632855,Match-X
1.8093523252763037,-0.34679046781624345,3.965495118368851,Match-X
