tauhat,95CI_lb,95CI_ub,method
1.380303665928032,0.3334913878588719,2.427115943997192,Match-PS
1.5060668215601372,-0.8948870227639161,3.9070206658841906,Match-PS
0.2091547711927617,-2.7910326491855058,3.2093421915710296,Match-PS
1.7022348814129236,1.1416761418176775,2.2627936210081696,Match-X
1.5465057614076925,0.17960682030991282,2.9134047025054723,Match-X
1.8579722484992613,-0.1029649586285526,3.8189094556270753,Match-X
