tauhat,95CI_lb,95CI_ub,method
0.09652825786578843,-0.9978296472955528,1.1908861630271297,Match-PS
-0.3576480865401771,-2.7314137029220245,2.0161175298416705,Match-PS
0.49088221261692105,-2.112681300717338,3.09444572595118,Match-PS
1.7561421939563504,1.2313706822862958,2.2809137056264053,Match-X
1.5104383919162176,0.31103912263490674,2.7098376611975286,Match-X
3.039039759195072,1.3086549107244858,4.769424607665658,Match-X
