tauhat,95CI_lb,95CI_ub,method
0.5823424525205254,-0.6195622186938543,1.7842471237349051,Match-PS
0.4494909559579318,-2.1587000678146504,3.057681979730514,Match-PS
2.839302621484647,-1.1859950499858067,6.8646002929551,Match-PS
1.6477841642234294,1.072142658722195,2.223425669724664,Match-X
1.5390915287975042,0.16057638902286797,2.9176066685721405,Match-X
2.0474702915786755,-0.6426117769122088,4.73755236006956,Match-X
