tauhat,95CI_lb,95CI_ub,method
2.0460590436552866,0.5505876483879404,3.5415304389226328,Match-PS
1.063338048182229,-2.048309362555112,4.174985458919569,Match-PS
2.025458393072618,-2.0008196260129067,6.051736412158142,Match-PS
2.0740738562694827,1.4587199080127329,2.6894278045262325,Match-X
1.8391937787264572,0.3971148076923683,3.281272749760546,Match-X
2.4946037603791815,0.3002975724935344,4.688909948264829,Match-X
