tauhat,95CI_lb,95CI_ub,method
0.7653658609354661,-0.30880801845659733,1.8395397403275295,Match-PS
-0.1607278570294413,-2.4980335861716974,2.176577872112815,Match-PS
0.09377675459002499,-3.91753973920117,4.105093248381221,Match-PS
1.826401651260888,1.2952398643499752,2.357563438171801,Match-X
1.4750570658318747,0.3254391861653403,2.624674945498409,Match-X
1.1830146195669395,-1.2658896281922014,3.6319188673260805,Match-X
