tauhat,95CI_lb,95CI_ub,method
1.0193651363236786,-0.0882368319864506,2.126967104633808,Match-PS
1.2618435063261566,-0.8177773337233403,3.3414643463756537,Match-PS
1.1078183642006965,-2.8343703747927247,5.050007103194118,Match-PS
2.0458847690481963,1.459218655327125,2.6325508827692676,Match-X
1.766026532791925,0.4327762490878089,3.099276816496041,Match-X
3.145418626318806,0.2596312843676678,6.031205968269944,Match-X
