tauhat,95CI_lb,95CI_ub,method
1.4148771351210283,0.3174085211871083,2.5123457490549486,Match-PS
2.166154421686962,0.00898068768406679,4.3233281556898575,Match-PS
0.9371491351774237,-1.8641851130893348,3.738483383444182,Match-PS
1.9301366363823915,1.3929197280379397,2.4673535447268433,Match-X
2.0795256836738174,0.7335256281152875,3.4255257392323473,Match-X
2.000553072066532,-0.011365571972735466,4.012471716105799,Match-X
