tauhat,95CI_lb,95CI_ub,method
2.088937999623099,1.007754676467351,3.170121322778847,Match-PS
2.1389636117635,-0.15349019839648692,4.431417421923486,Match-PS
1.6344871065350244,-0.7688210013026544,4.037795214372704,Match-PS
2.1187295601484855,1.5768824758167233,2.6605766444802477,Match-X
2.3030530687489437,1.1327165699150326,3.4733895675828546,Match-X
1.3959405414700325,-0.06674171189734768,2.8586227948374128,Match-X
