tauhat,95CI_lb,95CI_ub,method
0.6949984440666541,-0.19817077701575092,1.5881676651490593,Match-PS
2.527407884484072,0.06940071388255564,4.985415055085588,Match-PS
-11.354952786084166,-26.20812746318145,3.49822189101312,Match-PS
1.7846234363011668,1.2689653488296182,2.3002815237727154,Match-X
2.6091057047220443,1.3470294343940141,3.8711819750500744,Match-X
0.8181752674972798,-3.7796720336015817,5.416022568596141,Match-X
