tauhat,95CI_lb,95CI_ub,method
0.5680840295990888,-0.5326162246645898,1.6687842838627673,Match-PS
0.011465066568708266,-2.533108011263024,2.5560381444004405,Match-PS
4.434454630870339,-1.1842277117394193,10.053136973480097,Match-PS
2.2474507826694055,1.7007476965211747,2.794153868817636,Match-X
2.3673258374119905,1.0881287196029694,3.6465229552210117,Match-X
3.301210231713113,0.8490333884643078,5.753387074961918,Match-X
