tauhat,95CI_lb,95CI_ub,method
0.8942793027236523,-0.23685957044495065,2.025418175892255,Match-PS
0.9978274479688414,-1.6570434043727544,3.652698300310437,Match-PS
-0.4812879784115233,-3.378676997221996,2.4161010403989494,Match-PS
1.8571576305912965,1.2669790384013013,2.4473362227812916,Match-X
2.4584372066198688,1.082202374430059,3.8346720388096784,Match-X
1.4727458726040379,-0.2777484776305257,3.2232402228386015,Match-X
