tauhat,95CI_lb,95CI_ub,method
0.6147233993090114,-0.35593698777445837,1.5853837863924811,Match-PS
1.9410078224475986,-0.26679827636671294,4.14881392126191,Match-PS
-1.2132947585002998,-5.044163874360093,2.617574357359493,Match-PS
1.5713897630831983,1.0229920799666412,2.1197874461997555,Match-X
1.2442075113665594,0.026856577936861692,2.461558444796257,Match-X
1.5994094486703427,-0.7133035809999977,3.912122478340683,Match-X
