tauhat,95CI_lb,95CI_ub,method
1.4575948108235726,0.4070305210174405,2.5081591006297046,Match-PS
-0.3781366766152318,-2.6842869091453205,1.9280135559148568,Match-PS
1.4540294888464385,-1.1215496098951687,4.029608587588045,Match-PS
1.8308100300305648,1.3052152251695741,2.3564048348915554,Match-X
1.3729327467935357,0.20555498154282303,2.5403105120442486,Match-X
1.864699348817068,0.22300906311295554,3.5063896345211805,Match-X
