tauhat,95CI_lb,95CI_ub,method
0.7457697230965,-0.4222839683381764,1.9138234145311763,Match-PS
1.1026208483095403,-1.5220809034552079,3.7273226000742885,Match-PS
4.554952274022402,0.15871860260887605,8.951185945435927,Match-PS
1.7881356478899328,1.2181972991075627,2.358073996672303,Match-X
2.03068409512899,0.6674938358252647,3.3938743544327155,Match-X
3.6000860259714837,1.1965047982091939,6.003667253733774,Match-X
