tauhat,95CI_lb,95CI_ub,method
0.882849133932433,-0.49377982015718447,2.2594780880220506,Match-PS
5.045611835845718,2.1102882085543526,7.980935463137083,Match-PS
0.7180838257672939,-2.239466423665564,3.6756340752001515,Match-PS
2.4285621067410283,1.773246515297886,3.0838776981841707,Match-X
3.0408062628823433,1.610541555345494,4.471070970419193,Match-X
2.8737413722084706,1.0590234314782225,4.688459312938718,Match-X
