tauhat,95CI_lb,95CI_ub,method
1.0592611010365933,0.04191082995473239,2.076611372118454,Match-PS
0.09595229795427797,-2.0672298333993013,2.2591344293078577,Match-PS
3.070150927852932,-0.013776275744113775,6.154078131449978,Match-PS
1.6778753559198318,1.1529251442015211,2.2028255676381425,Match-X
1.8362305720966647,0.6620282759581826,3.0104328682351467,Match-X
2.5998864336290213,0.40233334238675234,4.79743952487129,Match-X
