tauhat,95CI_lb,95CI_ub,method
0.8506835643696563,-0.15288758631694643,1.8542547150562592,Match-PS
1.6647660137624853,-0.8073866149124138,4.136918642437385,Match-PS
1.4280771175506917,-1.131245544715026,3.9873997798164096,Match-PS
1.7139202835585559,1.1363857138577158,2.291454853259396,Match-X
2.0161574441289645,0.6181055940065725,3.414209294251356,Match-X
1.9956442372337382,0.2278034950441492,3.7634849794233274,Match-X
