tauhat,95CI_lb,95CI_ub,method
0.17092706234154176,-0.9192385199929476,1.261092644676031,Match-PS
0.28576298776057724,-2.2356574174175985,2.8071833929387533,Match-PS
2.136873426753129,-0.4234985948564858,4.697245448362743,Match-PS
1.6628834674973612,1.0572647877214818,2.2685021472732405,Match-X
1.5111253139441971,0.18879806414744338,2.833452563740951,Match-X
3.340960351179266,1.5337728312941834,5.1481478710643485,Match-X
