tauhat,95CI_lb,95CI_ub,method
1.5799294592127833,0.24113356914086959,2.918725349284697,Match-PS
1.3389400783263359,-1.4104084107345811,4.088288567387253,Match-PS
-0.7815329581942203,-3.539925419152225,1.9768595027637845,Match-PS
1.663596129505858,1.106748006695035,2.220444252316681,Match-X
1.5316676257434638,0.2666471883507855,2.796688063136142,Match-X
0.9158530560126604,-0.8008783302571206,2.6325844422824414,Match-X
