tauhat,95CI_lb,95CI_ub,method
1.7784393201372968,0.6791361560521634,2.87774248422243,Match-PS
2.2390682132025264,-0.02393281337473896,4.502069239779791,Match-PS
2.1953288663845747,-0.9105595192230593,5.301217251992209,Match-PS
1.8338881519847452,1.2864545121059265,2.381321791863564,Match-X
2.2494299706840004,1.0963989329267083,3.4024610084412927,Match-X
2.2576778558413966,0.4605148494175706,4.054840862265222,Match-X
