tauhat,95CI_lb,95CI_ub,method
0.4716076512679206,-0.7751364867371351,1.7183517892729763,Match-PS
0.24051030233813026,-2.482417453235773,2.963438057912033,Match-PS
0.635322482575135,-2.6379432320594525,3.9085881972097223,Match-PS
2.1186898347582215,1.5337425499834196,2.703637119533023,Match-X
2.035937690726413,0.7423362679171714,3.3295391135356547,Match-X
3.6493155650375932,1.7032119860899604,5.595419143985226,Match-X
