tauhat,95CI_lb,95CI_ub,method
1.3319574929695863,0.14693886052438376,2.516976125414789,Match-PS
0.9654522152467013,-1.4957348674774207,3.4266392979708233,Match-PS
1.9095678826060347,-1.0678530210079875,4.886988786220057,Match-PS
2.313643294477216,1.7315621480344716,2.89572444091996,Match-X
2.501754406162753,1.2161798024383896,3.7873290098871157,Match-X
2.9216393742219666,1.1814845953412927,4.66179415310264,Match-X
