tauhat,95CI_lb,95CI_ub,method
0.29506713456675093,-0.8959874785909642,1.4861217477244661,Match-PS
1.6193110724600186,-1.2027353355205683,4.4413574804406055,Match-PS
-5.232604085572478,-9.226435781704884,-1.2387723894400726,Match-PS
2.084216982594338,1.5604676645308784,2.6079663006577976,Match-X
2.7647553016005944,1.4151555985616275,4.114355004639561,Match-X
0.6814058754971031,-1.5480809324437454,2.9108926834379516,Match-X
