tauhat,95CI_lb,95CI_ub,method
0.7462314503994186,-0.25383261834196424,1.7462955191408014,Match-PS
1.584374451578944,-0.6515591940233412,3.820308097181229,Match-PS
2.179260541315256,-0.7210861725979179,5.07960725522843,Match-PS
1.938112246235341,1.4019465317988815,2.4742779606718006,Match-X
1.9692600517267462,0.7715007737233228,3.1670193297301696,Match-X
3.0046869658647504,0.9543204750252281,5.055053456704273,Match-X
