tauhat,95CI_lb,95CI_ub,method
0.8109016137739351,-0.23745739317035808,1.8592606207182283,Match-PS
0.847663920926488,-1.2846702417677582,2.9799980836207345,Match-PS
2.6303626111079677,0.37085456722566335,4.889870654990272,Match-PS
1.4848308285569116,0.9445895164315768,2.0250721406822465,Match-X
1.4932519694073416,0.3255460429097483,2.660957895904935,Match-X
2.9876786068103334,1.353008184850581,4.622349028770086,Match-X
