tauhat,95CI_lb,95CI_ub,method
0.8109016137739351,-0.23745739317035808,1.8592606207182283,Match-PS
0.847663920926488,-0.20069508601780517,1.8960229278707812,Match-PS
2.6303626111079677,1.5820036041636745,3.678721618052261,Match-PS
1.4848308285569116,0.43647182161261844,2.533189835501205,Match-X
1.4932519694073416,0.44489296246304844,2.5416109763516346,Match-X
2.9876786068103334,1.9393195998660402,4.036037613754626,Match-X
