tauhat,95CI_lb,95CI_ub,method
1.8421716402070496,0.7756635940592851,2.908679686354814,Match-PS
1.6413829774547282,-0.9128780166260346,4.195643971535491,Match-PS
2.569075913942741,-0.41198786325826786,5.55013969114375,Match-PS
2.240977537058241,1.7072732716789272,2.774681802437555,Match-X
1.7942179409077441,0.4964350349548161,3.092000846860672,Match-X
2.843526814928086,0.7301258117025284,4.956927818153644,Match-X
