tauhat,95CI_lb,95CI_ub,method
1.1872780936855918,-0.008799378078377051,2.383355565449561,Match-PS
2.36619241692566,-0.2723504526763483,5.004735286527668,Match-PS
-0.37500096552107204,-3.60053617087161,2.850534239829466,Match-PS
2.029049298616821,1.4739372867704834,2.584161310463159,Match-X
2.9280107547898253,1.613123726120049,4.242897783459601,Match-X
1.4712672164235645,-0.4722588246994508,3.41479325754658,Match-X
