tauhat,95CI_lb,95CI_ub,method
0.4510594553189824,-0.7179539478871433,1.620072858525108,Match-PS
2.588054729580736,-0.08089606427073148,5.257005523432204,Match-PS
-0.774663071302956,-4.140379099161374,2.5910529565554614,Match-PS
2.2424929090712427,1.6933273822530683,2.791658435889417,Match-X
2.812835260795289,1.4948688853303178,4.13080163626026,Match-X
2.209310930560441,-0.025972970156924458,4.444594831277806,Match-X
