tauhat,95CI_lb,95CI_ub,method
0.9973534142348724,0.009663560294582152,1.9850432681751626,Match-PS
0.05431663189086291,-1.8411918060642614,1.9498250698459874,Match-PS
0.5661589556849217,-1.4999449067600588,2.632262818129902,Match-PS
1.8786611058944436,1.3897788596842215,2.367543352104666,Match-X
1.4057155231943776,0.3105762960032228,2.5008547503855327,Match-X
2.5353859943272647,1.211355942623805,3.8594160460307245,Match-X
