tauhat,95CI_lb,95CI_ub,method
1.6473058961663691,0.5327854426008702,2.761826349731868,Match-PS
1.774772670239714,-0.6249826092948858,4.174527949774314,Match-PS
3.630609000983542,0.3590884719116967,6.902129530055387,Match-PS
2.1502909464929876,1.5554683197397754,2.7451135732461998,Match-X
2.2113576024900516,0.8406862413537151,3.5820289636263882,Match-X
3.3429394509174606,1.0497364061106564,5.636142495724265,Match-X
