tauhat,95CI_lb,95CI_ub,method
1.1644538837418832,0.04081181902451392,2.2880959484592527,Match-PS
-0.07691155547486636,-2.6868504722345747,2.5330273612848417,Match-PS
1.7783293071795907,-2.6187938307020167,6.175452445061198,Match-PS
2.2279955271369523,1.6695413218825057,2.786449732391399,Match-X
1.4777495918075116,0.10252048479089271,2.8529786988241304,Match-X
2.866398074068628,0.3296851087555259,5.40311103938173,Match-X
