tauhat,95CI_lb,95CI_ub,method
1.8017441406458041,0.5647155374380943,3.0387727438535137,Match-PS
0.9561951363541569,-1.671216336011077,3.583606608719391,Match-PS
1.7518554784669162,-1.6950278089930637,5.198738765926896,Match-PS
2.1991311991933093,1.6684076938651207,2.729854704521498,Match-X
1.6918961100804015,0.315368222110068,3.068423998050735,Match-X
2.5047576789727417,0.18798866456807373,4.821526693377409,Match-X
