tauhat,95CI_lb,95CI_ub,method
1.0120715761597465,0.05370910713145183,1.9704340451880413,Match-PS
1.222521072918222,-0.9996887694367844,3.4447309152732286,Match-PS
1.3390081696926657,-1.6164820507646438,4.294498390149975,Match-PS
2.1915282887063463,1.656715731011776,2.726340846400917,Match-X
2.4382618903024635,1.2063472594669715,3.6701765211379556,Match-X
2.8846746599835016,0.8506781961622494,4.918671123804754,Match-X
