tauhat,95CI_lb,95CI_ub,method
-0.018508598525853064,-1.1297993121709102,1.092782115119204,Match-PS
0.8843611500382474,-1.534184627965148,3.3029069280416428,Match-PS
1.180423560559887,-1.810807183984297,4.171654305104071,Match-PS
2.0372672071585116,1.4685388793944085,2.6059955349226147,Match-X
2.2382881683705826,0.9233335308639228,3.5532428058772423,Match-X
3.489639151302226,1.720661474636089,5.258616827968362,Match-X
