tauhat,95CI_lb,95CI_ub,method
1.3626588285642907,0.2923794187345472,2.4329382383940343,Match-PS
-0.3069687388318737,-2.7534071138370515,2.139469636173304,Match-PS
1.6643890057677957,-1.443341562418819,4.77211957395441,Match-PS
2.3147315227187693,1.7327957344729272,2.8966673109646113,Match-X
0.8265224770911734,-0.5600221177923683,2.213067071974715,Match-X
3.0046622634082127,1.0957206782679505,4.913603848548475,Match-X
