tauhat,95CI_lb,95CI_ub,method
0.4502487216370054,-0.6217843703228205,1.5222818135968315,Match-PS
0.5937937659307856,-1.6894007379372198,2.876988269798791,Match-PS
1.39083760445497,-3.264867889768041,6.046543098677981,Match-PS
1.521023541989606,0.9899617306449934,2.0520853533342187,Match-X
1.3248324320274858,-0.01227733466181169,2.6619421987167833,Match-X
2.626259117317474,-0.8056158870827819,6.05813412171773,Match-X
