tauhat,95CI_lb,95CI_ub,method
1.5048907610808482,0.5674258119145615,2.442355710247135,Match-PS
1.6507450194324753,-0.35441098175033403,3.6559010206152847,Match-PS
0.6536531149090153,-1.9310931726866958,3.2383994025047267,Match-PS
2.115106947673563,1.5867705741698015,2.6434433211773247,Match-X
2.3253667405096445,1.195115422074198,3.455618058945091,Match-X
2.0960254880455444,0.0725569791343359,4.119493996956753,Match-X
