tauhat,95CI_lb,95CI_ub,method
1.359039921282881,0.30986217671445804,2.408217665851304,Match-PS
0.8889562945866363,-1.4415172629986115,3.219429852171884,Match-PS
0.8903024187245666,-2.3926118848372164,4.17321672228635,Match-PS
1.805256881653875,1.226968939349219,2.3835448239585313,Match-X
1.9083733264188036,0.6016266149403606,3.215120037897247,Match-X
1.423358788239672,-1.0180251384445937,3.864742714923938,Match-X
