tauhat,95CI_lb,95CI_ub,method
1.1600455487609944,0.1734259415431718,2.146665155978817,Match-PS
1.3115099685891605,-0.9320188666571942,3.555038803835515,Match-PS
-0.0021287790506366107,-2.7426766329422256,2.738419074840952,Match-PS
2.1837898728607383,1.6411322728376567,2.72644747288382,Match-X
2.4410258437467878,1.0916663604674106,3.790385327026165,Match-X
1.0469531177775702,-1.1151194094892358,3.209025645044376,Match-X
