tauhat,95CI_lb,95CI_ub,method
0.899767773731805,-0.35696373471791465,2.1564992821815245,Match-PS
0.8932148933381803,-1.9608640667583357,3.7472938534346962,Match-PS
0.4368863337912478,-3.1359288445334257,4.009701512115921,Match-PS
2.0681506167283112,1.4738875993862504,2.662413634070372,Match-X
2.4511745159033427,1.1468607318519575,3.755488299954728,Match-X
2.480882338186796,0.6411387280727125,4.320625948300879,Match-X
