tauhat,95CI_lb,95CI_ub,method
0.8298450493618642,-0.16797195063442294,1.8276620493581515,Match-PS
1.5678395288272833,-0.6235372577645337,3.7592163154191,Match-PS
-0.17322236350108294,-2.8712301290869995,2.5247854020848335,Match-PS
2.1291960041436426,1.5453648839952099,2.7130271242920756,Match-X
2.9426158828549283,1.5626725196963935,4.322559246013463,Match-X
1.411974475335936,-0.7627978608110209,3.586746811482893,Match-X
