tauhat,95CI_lb,95CI_ub,method
1.1319974547380223,0.15932187618710703,2.1046730332889374,Match-PS
1.322561444812417,-0.8285415847374269,3.473664474362261,Match-PS
2.2715385775391876,-0.13191660494148216,4.6749937600198574,Match-PS
2.1659452361145863,1.596223820514898,2.7356666517142747,Match-X
2.457972768451651,1.2641018296648971,3.651843707238405,Match-X
2.705982433355194,0.6990905931374631,4.712874273572925,Match-X
