tauhat,95CI_lb,95CI_ub,method
0.34252778419167906,-0.8519447469801468,1.537000315363505,Match-PS
0.698381563698968,-1.9146716662028078,3.3114347936007436,Match-PS
1.566591363049717,-1.2141655999866139,4.347348326086048,Match-PS
1.6179149581343275,1.0323139444920253,2.2035159717766297,Match-X
0.48995352759594046,-0.682664024893895,1.662571080085776,Match-X
2.746909815032898,1.0221054381335604,4.471714191932236,Match-X
