tauhat,95CI_lb,95CI_ub,method
1.03080906588887,-0.28305525737427883,2.344673389152019,Match-PS
1.2386055651464578,-1.3477909941066657,3.8250021243995813,Match-PS
-1.947074143117401,-5.856303664417107,1.9621553781823045,Match-PS
2.104779460971448,1.5114172286203758,2.69814169332252,Match-X
1.745536600069506,0.40558807263984287,3.0854851274991693,Match-X
2.094860234413422,0.30467290824122584,3.8850475605856185,Match-X
