tauhat,95CI_lb,95CI_ub,method
1.469564344086642,0.41099162856736493,2.528137059605919,Match-PS
1.9936724320546952,-0.15163257917368522,4.138977443283076,Match-PS
1.299513255576461,-2.2456942926692274,4.844720803822149,Match-PS
2.1207382229121534,1.5548374562047038,2.686638989619603,Match-X
2.1491727530978877,0.799236067275535,3.4991094389202404,Match-X
2.2313330298860903,-0.06437453335432153,4.527040593126502,Match-X
