tauhat,95CI_lb,95CI_ub,method
1.2020464859192344,0.025791790293947292,2.378301181544521,Match-PS
0.03886379575035683,-2.6105845002579815,2.688312091758695,Match-PS
2.5237281843825623,-1.5981372235777518,6.645593592342877,Match-PS
2.0744608068392587,1.4902292549047726,2.6586923587737448,Match-X
1.7640634842283738,0.37722045098247636,3.1509065174742714,Match-X
2.604400278320144,-0.015887746045432305,5.2246883026857205,Match-X
