tauhat,95CI_lb,95CI_ub,method
1.1501787888850943,0.21053072561843333,2.0898268521517553,Match-PS
1.1693876487150618,-0.9370718196573835,3.2758471170875074,Match-PS
1.3076385239908972,-0.9488091331284969,3.5640861811102913,Match-PS
1.7731998438643426,1.2761028621337211,2.270296825594964,Match-X
1.9850252207852193,0.8230659657057766,3.146984475864662,Match-X
2.2464590031465983,0.8108156865308285,3.682102319762368,Match-X
