tauhat,95CI_lb,95CI_ub,method
1.2613407606937441,0.18556525175363947,2.3371162696338486,Match-PS
2.175734186918491,-0.09606868419428771,4.44753705803127,Match-PS
2.2079475387263834,-0.5979272072232384,5.013822284676005,Match-PS
2.0759533254124314,1.5143779494986873,2.6375287013261755,Match-X
1.9888669675233575,0.7663613581044575,3.2113725769422574,Match-X
2.6517542196202633,0.8717172195869658,4.431791219653561,Match-X
