tauhat,95CI_lb,95CI_ub,method
1.3133724811909235,0.06345660559984267,2.5632883567820044,Match-PS
1.1717768582281463,-1.5479724944328344,3.891526210889127,Match-PS
0.54277173027783,-4.980284628830317,6.0658280893859775,Match-PS
2.3638508067927826,1.6939804647953822,3.0337211487901827,Match-X
2.0494053551921123,0.48303358149941356,3.615777128884811,Match-X
2.580901348589517,-0.43963096472818464,5.601433661907219,Match-X
