tauhat,95CI_lb,95CI_ub,method
1.14277626410085,0.07671191746004369,2.2088406107416567,Match-PS
1.0690149477525712,-1.2236860253098825,3.361715920815025,Match-PS
1.4448938792419637,-1.1673822302311998,4.057169988715128,Match-PS
1.4652287254102263,0.9379073913780956,1.9925500594423569,Match-X
1.0089173417226998,-0.22280260299605947,2.240637286441459,Match-X
2.3654672357152857,0.45532246797095,4.275612003459622,Match-X
