tauhat,95CI_lb,95CI_ub,method
0.8157915097052659,-0.3036825149856255,1.9352655343961573,Match-PS
1.8969245049606591,-0.4550884404403803,4.248937450361699,Match-PS
0.1764029195174449,-3.082326647222297,3.435132486257187,Match-PS
2.017907567316452,1.4601229249633887,2.5756922096695156,Match-X
2.2088066900367656,0.9193764738802235,3.4982369061933074,Match-X
2.713539856170621,0.48658678883339235,4.94049292350785,Match-X
