tauhat,95CI_lb,95CI_ub,method
0.633220646047301,-0.5969109973023866,1.8633522893969885,Match-PS
1.358531549898139,-1.1186188925655742,3.8356819923618524,Match-PS
-0.09029273667570037,-3.269955329094721,3.0893698557433207,Match-PS
1.9022475756796633,1.3569743690386,2.4475207823207263,Match-X
2.3991550706946505,1.1593248922119996,3.6389852491773014,Match-X
2.5818706410879773,0.928417700281988,4.235323581893967,Match-X
