tauhat,95CI_lb,95CI_ub,method
0.9282252456124587,-0.08086546515087112,1.9373159563757885,Match-PS
2.830404973589809,0.3836091495139038,5.277200797665714,Match-PS
-0.08783620269504878,-3.854607311089478,3.67893490569938,Match-PS
2.209286535276466,1.6492382307053195,2.7693348398476125,Match-X
2.8838778236440814,1.3604106573563843,4.4073449899317785,Match-X
2.473524831320972,0.4306052716016433,4.5164443910403005,Match-X
