tauhat,95CI_lb,95CI_ub,method
0.4032270104827455,-0.8062515790578064,1.6127056000232975,Match-PS
1.6365909130180374,-1.2160780464393712,4.489259872475446,Match-PS
0.10113183186755062,-2.7199552316556304,2.9222188953907313,Match-PS
1.7097957366752539,1.1686860371362924,2.2509054362142153,Match-X
1.754977535817811,0.35497098204128097,3.154984089594341,Match-X
1.5611576051997866,-0.33705145856742336,3.4593666689669966,Match-X
