tauhat,95CI_lb,95CI_ub,method
1.459242430527097,0.20531095959253975,2.713173901461654,Match-PS
2.0027860531708193,-0.6794808315564973,4.685052937898136,Match-PS
1.4093111713885376,-2.3114273719246103,5.130049714701686,Match-PS
1.940844743554168,1.3549777432567898,2.5267117438515463,Match-X
2.401987499741319,1.058096029377897,3.7458789701047412,Match-X
1.8445398304759215,-0.37376092776432746,4.0628405887161705,Match-X
