tauhat,95CI_lb,95CI_ub,method
1.2579799002551617,0.255318339977207,2.260641460533116,Match-PS
1.4870629544496745,-0.5472379252806101,3.521363834179959,Match-PS
0.013347193465175662,-2.7482860002198675,2.774980387150219,Match-PS
2.1644087807382384,1.620937697384504,2.707879864091973,Match-X
1.7178946888006592,0.488589277321406,2.9472001002799124,Match-X
2.551916058578275,0.6170828662748304,4.4867492508817195,Match-X
