tauhat,95CI_lb,95CI_ub,method
0.9336605443250751,-0.12461719321369669,1.9919382818638467,Match-PS
1.9753697149927678,-0.12393467157355875,4.074674101559094,Match-PS
1.7691272170701116,-0.2897204761852026,3.827974910325426,Match-PS
1.8263534000652435,1.2553703281078699,2.397336472022617,Match-X
1.7175308549483892,0.49162757969532556,2.943434130201453,Match-X
1.1858419851497948,-0.24166099488325532,2.613344965182845,Match-X
