tauhat,95CI_lb,95CI_ub,method
1.0413934999942578,0.2152061712004042,1.8675808287881113,Match-PS
1.8391836434479292,-0.1098960858847644,3.788263372780623,Match-PS
1.6749843320274858,-1.4262026521382642,4.776171316193236,Match-PS
2.3104476913186294,1.7381150188266452,2.8827803638106135,Match-X
2.4128901489024273,1.1047339896303554,3.721046308174499,Match-X
2.5051092996843582,0.13351507604664947,4.8767035233220675,Match-X
