tauhat,95CI_lb,95CI_ub,method
1.5524303849353933,0.5573916548079366,2.54746911506285,Match-PS
1.7198652730471284,-0.6407184781519284,4.080449024246185,Match-PS
0.524359050452527,-1.794299503060794,2.843017603965848,Match-PS
2.040173494162212,1.5132200638637228,2.567126924460701,Match-X
2.0027004536327127,0.7948911485656358,3.2105097586997893,Match-X
1.454734832999067,-0.12838018433915122,3.0378498503372855,Match-X
