tauhat,95CI_lb,95CI_ub,method
1.1992571342038156,0.054512633266635024,2.3440016351409962,Match-PS
0.500261742218748,-2.392317870562273,3.392841354999769,Match-PS
3.0793101106605616,-2.2220759806662245,8.380696201987348,Match-PS
1.8442516230072943,1.3277273531625013,2.360775892852087,Match-X
1.3953555095562702,0.10102349017476953,2.689687528937771,Match-X
3.6704326947171744,-0.2011315629360415,7.54199695237039,Match-X
