tauhat,95CI_lb,95CI_ub,method
1.496173573104004,0.3994752729908948,2.5928718732171134,Match-PS
1.4294734579955417,-1.0376343352940092,3.8965812512850926,Match-PS
1.8107949403559096,-1.2373923129524842,4.858982193664303,Match-PS
1.7251324567912771,1.125529666256079,2.3247352473264753,Match-X
1.4006277954484052,-0.09231851060970264,2.893574101506513,Match-X
2.3643285573395856,0.11057480240033746,4.618082312278833,Match-X
