tauhat,95CI_lb,95CI_ub,method
1.3402325138444295,0.1358863620786288,2.5445786656102305,Match-PS
2.203610180863322,-0.7638389667891574,5.171059328515801,Match-PS
2.6177564376350664,-0.8517578194145758,6.087270694684708,Match-PS
1.7810781328901732,1.2289111599628109,2.333245105817536,Match-X
1.9176887655849624,0.5721902663350105,3.2631872648349143,Match-X
2.6308255383599484,0.730319719097589,4.5313313576223075,Match-X
