tauhat,95CI_lb,95CI_ub
1.0843127150594736,0.704204197602698,1.480668975509197
2.3271940146662047,1.284220252138286,3.49848299462765
-0.8780487511665503,-1.9495110994246472,0.08141332885740601
