tauhat,95CI_lb,95CI_ub,method
0.38302733959433144,-0.6402593709167613,1.4063140501054243,Match-PS
-0.24896504280724097,-2.497333194452379,1.999403108837897,Match-PS
-0.6604060047709048,-3.925747216543768,2.604935207001959,Match-PS
1.7765021003160237,1.2035256646778094,2.349478535954238,Match-X
2.113312320781442,0.8028469881398632,3.423777653423021,Match-X
1.3444264323332211,-1.060281415226624,3.7491342798930662,Match-X
