tauhat,95CI_lb,95CI_ub,method
1.0921680076710276,-0.06567998651193951,2.2500160018539948,Match-PS
0.23112993874851812,-2.3469802333673786,2.809240110864415,Match-PS
2.6573469401147713,-0.707037947958336,6.021731828187878,Match-PS
2.093379414695406,1.5267790973179651,2.659979732072847,Match-X
1.6348428951631784,0.39476544400234004,2.874920346324017,Match-X
3.153206140109784,0.8942161291647213,5.412196151054847,Match-X
