tauhat,95CI_lb,95CI_ub,method
0.9379028073585304,-0.3005880466660965,2.176393661383157,Match-PS
1.1799064262954575,-1.3770560952670672,3.736868947857982,Match-PS
-0.37441486205101426,-4.532642549534339,3.7838128254323102,Match-PS
1.6487462370291368,1.0335779677501005,2.263914506308173,Match-X
1.3225727335667516,-0.024938164571831622,2.670083631705335,Match-X
1.1242708858848258,-1.7500704364539421,3.9986122082235935,Match-X
