tauhat,95CI_lb,95CI_ub,method
1.1045918191223028,-0.012311238490233745,2.2214948767348393,Match-PS
1.4387426713916875,-0.8584173199814833,3.7359026627648584,Match-PS
1.543233154211489,-1.0432085950250187,4.129674903447997,Match-PS
2.019641798530049,1.4829762341528,2.5563073629072983,Match-X
1.7893538251459855,0.6134342851036942,2.9652733651882768,Match-X
2.3991686077270242,0.7142224424643231,4.084114772989725,Match-X
