tauhat,95CI_lb,95CI_ub,method
1.2829280356149573,0.1309750167037773,2.4348810545261372,Match-PS
-0.7949901835913502,-3.3068634481516987,1.7168830809689986,Match-PS
3.7282443531395804,0.22668744165351162,7.2298012646256495,Match-PS
1.959462224930741,1.394940466725067,2.523983983136415,Match-X
1.2791512957077147,0.06764660688398427,2.490655984531445,Match-X
2.9964432443015143,1.3621421805891623,4.630744308013867,Match-X
