tauhat,95CI_lb,95CI_ub,method
1.5523873695559747,0.2740221714762381,2.8307525676357113,Match-PS
1.3414873180108577,-1.132016044445917,3.8149906804676323,Match-PS
1.3405157854653615,-1.4384343127919212,4.119465883722644,Match-PS
2.0616605539304724,1.5127473094546935,2.6105737984062514,Match-X
1.8549010892371642,0.6807351625193176,3.029067015955011,Match-X
2.1872525197263735,0.7111488046802861,3.663356234772461,Match-X
