tauhat,95CI_lb,95CI_ub,method
1.499692283765961,0.3844048580061763,2.6149797095257457,Match-PS
1.294214915936221,-1.164431546975827,3.7528613788482694,Match-PS
3.6632941685378677,0.35375026085722583,6.97283807621851,Match-PS
2.5549082259434694,1.9846622964243235,3.1251541554626154,Match-X
2.433337240735921,1.0744502627912917,3.79222421868055,Match-X
3.598143466976454,1.2000853531483684,5.99620158080454,Match-X
