tauhat,95CI_lb,95CI_ub,method
1.8378135557994115,0.44516960866968747,3.2304575029291356,Match-PS
3.6584659503666916,0.9677103298520962,6.349221570881287,Match-PS
2.497893550665362,-0.45797591740568677,5.453763018736411,Match-PS
1.7735574389156978,1.1884205119604654,2.3586943658709303,Match-X
1.8985200908346818,0.6874450037343665,3.109595177934997,Match-X
2.809083263053677,0.8292448077558383,4.788921718351515,Match-X
