tauhat,95CI_lb,95CI_ub
0.8799159646345273,0.4177491252503112,1.3151688278827416
0.580846325519071,-0.34783315536763615,1.3918670221485279
2.4705723708972074,1.6317869857833054,3.290020057949993
