tauhat,95CI_lb,95CI_ub,method
1.509056387173288,0.3769314442348357,2.64118133011174,Match-PS
2.190178094025307,-0.2235619238663067,4.60391811191692,Match-PS
2.260393598597148,-1.0842049614940392,5.604992158688335,Match-PS
2.090060790169712,1.580405785093469,2.599715795245955,Match-X
1.9960080355125138,0.8398861410575742,3.1521299299674537,Match-X
3.7306699270070522,1.9145896998474454,5.546750154166659,Match-X
