tauhat,95CI_lb,95CI_ub,method
1.18891974938212,-0.03773305115941894,2.4155725499236587,Match-PS
-0.9783877193642998,-3.6652932724637677,1.708517833735168,Match-PS
1.4651882192687724,-1.0524340326568908,3.9828104711944357,Match-PS
1.6991675653890679,1.044523602890937,2.3538115278871987,Match-X
1.0989864955226132,-0.3921282953264722,2.5901012863716986,Match-X
1.8419002488398255,-0.03330250762786924,3.7171030053075205,Match-X
