tauhat,95CI_lb,95CI_ub,method
0.5685596926632187,-0.886386269704155,2.0235056550305925,Match-PS
-0.7754015460042781,-4.009665088795249,2.458861996786693,Match-PS
0.9235645519742379,-2.697744924825651,4.544874028774126,Match-PS
1.7372256083628574,1.0906352920273048,2.38381592469841,Match-X
1.9459345664744538,0.36212389504568687,3.529745237903221,Match-X
2.078880165956776,-0.21775527517334314,4.3755156070868955,Match-X
