tauhat,95CI_lb,95CI_ub,method
1.5544017516671802,0.47557080480155145,2.633232698532809,Match-PS
1.4905470568944972,-0.6869441579556652,3.66803827174466,Match-PS
0.8528298581180075,-2.1280070652296352,3.8336667814656504,Match-PS
1.8766659302928095,1.3887715958096736,2.3645602647759456,Match-X
1.7996593301762231,0.6413219029414863,2.9579967574109602,Match-X
1.95789646935544,0.016741428005863535,3.899051510705016,Match-X
