tauhat,95CI_lb,95CI_ub,method
0.8919382919867941,-0.18198929772360162,1.96586588169719,Match-PS
-0.025661113102270677,-2.452824133473269,2.401501907268728,Match-PS
2.761144782849784,-4.403778240744617,9.926067806444184,Match-PS
1.9590495499667686,1.3898744163296204,2.528224683603917,Match-X
1.1392101360521054,-0.1302769110072275,2.408697183111438,Match-X
2.5248815540670697,-0.7600423556417595,5.8098054637758985,Match-X
