tauhat,95CI_lb,95CI_ub,method
1.372407398019189,0.26646956151433665,2.4783452345240415,Match-PS
1.6762276544549608,-0.836068521098849,4.188523830008771,Match-PS
0.20467633073334382,-2.495641418822822,2.90499408028951,Match-PS
2.379746036640765,1.820975880223114,2.9385161930584163,Match-X
2.287554748852157,1.018364457736321,3.5567450399679927,Match-X
2.1459917079658464,0.5259505049421256,3.7660329109895674,Match-X
