tauhat,95CI_lb,95CI_ub,method
0.7030729490189106,-0.6059053063115499,2.0120512043493712,Match-PS
0.7574239294570168,-2.1813566900924353,3.696204549006469,Match-PS
0.051046807913519905,-4.3608979936993535,4.462991609526393,Match-PS
2.1514529010690606,1.5064611433461994,2.7964446587919216,Match-X
2.0562952132725147,0.5474068402136594,3.5651835863313703,Match-X
2.056762216479968,-0.5268891006647838,4.64041353362472,Match-X
