tauhat,95CI_lb,95CI_ub,method
1.556758196409809,0.5331843018563869,2.580332090963231,Match-PS
1.6767914766660947,-0.5021025250470839,3.8556854783792733,Match-PS
1.716104775262342,-1.005928605362426,4.43813815588711,Match-PS
2.1087430126091213,1.5166329507294996,2.700853074488743,Match-X
2.3833517372008,1.066909810201208,3.699793664200392,Match-X
2.2296062426702834,0.4137180927695072,4.04549439257106,Match-X
