tauhat,95CI_lb,95CI_ub,method
0.9598194802346781,-0.13245412325428985,2.052093083723646,Match-PS
0.2688002427750698,-2.083257523376131,2.620858008926271,Match-PS
0.8807609019586194,-2.3969534471405707,4.158475251057809,Match-PS
1.8590178927336802,1.352477058842561,2.3655587266247995,Match-X
1.2392860859479657,-0.06619762061523016,2.5447697925111616,Match-X
2.6938100112119394,0.15507203029854955,5.23254799212533,Match-X
