tauhat,95CI_lb,95CI_ub,method
1.0687502238700395,-0.03943126266766739,2.1769317104077466,Match-PS
1.2038061960158264,-1.1768742892467734,3.584486681278426,Match-PS
0.8645839780387486,-2.444542409321883,4.17371036539938,Match-PS
1.907269789706716,1.3311249094610265,2.4834146699524053,Match-X
2.0167453907926385,0.6380883151939241,3.395402466391353,Match-X
2.6532330905019346,0.42237166179245333,4.884094519211416,Match-X
