tauhat,95CI_lb,95CI_ub,method
1.2939208619658422,0.29739114311403714,2.290450580817647,Match-PS
0.29257139143448124,-2.131318868139141,2.7164616510081037,Match-PS
1.1540697327940188,-2.0877796592714333,4.3959191248594705,Match-PS
2.1091969226763205,1.5544190420866801,2.663974803265961,Match-X
1.710553159316699,0.39119074351922034,3.0299155751141775,Match-X
2.2628239744270315,0.08103380885172973,4.444614140002333,Match-X
