tauhat,95CI_lb,95CI_ub,method
0.952416782157798,-0.2722961320163979,2.1771296963319937,Match-PS
0.7669938519662998,-1.860263331408084,3.394251035340684,Match-PS
2.30806960053854,-0.6625945166990554,5.278733717776135,Match-PS
1.908153320742822,1.3668442226213844,2.4494624188642597,Match-X
1.901742480442865,0.5639470781574214,3.2395378827283086,Match-X
3.2957556735741944,1.4012155550595464,5.190295792088842,Match-X
