tauhat,95CI_lb,95CI_ub,method
1.6458056145159383,0.3954452849431047,2.896165944088772,Match-PS
1.5616234361719967,-1.2340331128361872,4.357279985180181,Match-PS
0.317222631208968,-3.8830893295976345,4.51753459201557,Match-PS
2.0794605141562847,1.5082639211196514,2.6506571071929184,Match-X
1.5703093580480703,0.19730307008244563,2.943315646013695,Match-X
2.640745692039244,0.7052632477190328,4.576228136359456,Match-X
