tauhat,95CI_lb,95CI_ub,method
1.4443445742679208,0.25901642066116026,2.6296727278746816,Match-PS
0.9496045669255132,-1.9088642697760587,3.808073403627085,Match-PS
4.701566572416326,0.5681056737961079,8.835027471036543,Match-PS
2.3563107414720155,1.7872200518520236,2.9254014310920073,Match-X
1.6503658563076187,0.32928413818393665,2.9714475744313007,Match-X
3.9962651128208844,1.742009661522061,6.250520564119707,Match-X
