tauhat,95CI_lb,95CI_ub,method
1.0199348455271995,-0.23995654660205878,2.279826237656458,Match-PS
1.772055091483009,-0.7929563392072518,4.33706652217327,Match-PS
-2.0357887742017615,-5.661839529046561,1.5902619806430378,Match-PS
1.7684326934100745,1.169337397090087,2.367527989730062,Match-X
2.207309933855041,0.899663738149914,3.5149561295601677,Match-X
0.7790596703071603,-1.3033554599941675,2.861474800608488,Match-X
