tauhat,95CI_lb,95CI_ub,method
0.33293302446463907,-0.6937111527471891,1.3595772016764673,Match-PS
0.4326195265506603,-2.035583015795934,2.9008220688972544,Match-PS
0.9661455954925403,-1.6439207874969104,3.576211978481991,Match-PS
1.8271593634759353,1.2839687714220749,2.3703499555297958,Match-X
2.365931981766455,1.087016826382989,3.644847137149921,Match-X
2.3658529538612467,0.6323524636310605,4.099353444091433,Match-X
