tauhat,95CI_lb,95CI_ub,method
1.3327591724086747,0.2135042392071156,2.4520141056102336,Match-PS
1.1609471416799513,-1.6856703697874706,4.007564653147373,Match-PS
5.491494977373326,-1.2654784637915375,12.248468418538188,Match-PS
2.525242319870606,1.9544289913235442,3.096055648417668,Match-X
2.5740471390158626,1.0598220985597506,4.088272179471975,Match-X
3.2831600182653964,-0.20908013817541748,6.77540017470621,Match-X
