tauhat,95CI_lb,95CI_ub,method
1.299886722507201,0.36187796879827183,2.2378954762161305,Match-PS
1.963635369965846,-0.27661178927380004,4.203882529205492,Match-PS
1.0259907335483143,-1.78111135411941,3.8330928212160384,Match-PS
1.8832261746936596,1.3715197111906998,2.3949326381966194,Match-X
2.614640042168915,1.2677763787085357,3.9615037056292945,Match-X
1.778501927067941,-0.20670441119488192,3.763708265330764,Match-X
