tauhat,95CI_lb,95CI_ub
1.0691580654089066,0.6354569695442115,1.487660715753672
1.9329778844288434,0.8759945944473968,2.93828812668768
1.7919405321760251,0.429530881130534,3.054494014037788
