tauhat,95CI_lb,95CI_ub,method
1.6744400566619646,0.4297243860273121,2.919155727296617,Match-PS
1.6704058243030926,-1.233464467528051,4.574276116134236,Match-PS
-3.8658736264005165,-11.012323418115644,3.2805761653146113,Match-PS
2.3194157595584763,1.7615921412103341,2.8772393779066183,Match-X
2.487766806821809,1.2592219148289967,3.7163116988146214,Match-X
1.7830447586637914,-0.7283223723166363,4.294411889644219,Match-X
