tauhat,95CI_lb,95CI_ub,method
0.8422373728803698,-0.27673201820412086,1.9612067639648605,Match-PS
0.4805674707378187,-1.9224306914066411,2.8835656328822785,Match-PS
0.2063053034844995,-2.929207779416174,3.3418183863851727,Match-PS
2.1872344312512935,1.5030363995761218,2.871432462926465,Match-X
1.6736400217371832,0.08792524926253487,3.2593547942118315,Match-X
2.8132005793074617,0.4925114354369384,5.133889723177985,Match-X
